id,nombre,ubicacion,tiene app
419-70-5559,Edward Anderson,"18110 Dylan Wall
Anthonyville, ID 80082",1
745-78-8343,Renee Martin,"9928 Leach Cove Apt. 182
Mooreton, ME 28977",1
122-34-4226,Steven Mclean,"4739 Rodriguez Lock Apt. 159
Lake Michelle, AK 66100",0
696-09-0338,Heather Higgins,"76446 Reyes Drives
North Casey, AZ 42116",0
890-78-5966,Sara Davila,"8679 Hudson Village
Lake Glennburgh, SC 86688",0
566-98-9526,Jennifer Taylor,"4690 Harris Walk Suite 309
Connorstad, VA 50598",0
375-93-9967,Janet Clark,"USS Brown
FPO AP 66510",0
718-82-6836,George Robinson,"2551 Peterson Unions Suite 426
Walkerville, IN 35772",0
459-81-2120,Tara Potts,"5170 Hernandez Oval
East Mathew, CT 34926",1
503-60-4999,Paul Shepard,"26418 Mathews Expressway
Perrybury, MN 36365",1
278-97-5396,Daniel Carter,"1183 Stephen Prairie Suite 402
Lake Stephaniemouth, LA 87177",1
774-73-5097,Stephanie Murphy,"420 Ramos Walks
South Emilyfort, WI 11288",0
037-60-7158,Carl Rollins,"684 Kennedy Island Suite 111
East Gwendolynmouth, CA 77917",1
477-83-0372,Cassandra Cannon,"USCGC Anthony
FPO AP 43880",0
171-89-5498,John Jackson,"25014 Cochran Extensions Apt. 678
West Cynthiafurt, OK 15197",0
305-48-8843,Donna Miller,"0301 Matthew Divide Suite 011
Taylorport, WA 18870",1
439-33-5926,Javier Cain,"3274 Connor Falls Apt. 444
West Danielborough, CA 76099",0
706-41-8683,Deborah Pearson MD,"339 Tapia Views Apt. 003
Lake Gloriafort, CO 40682",0
202-65-5837,Lynn Moore,"6308 Carroll Park
South Chelsea, NY 67064",1
870-88-1260,Roberto Jackson,"USNS Salazar
FPO AA 84469",0
632-55-6835,Jared Richards,"710 Fox Islands
Kimberlymouth, NJ 83584",0
734-74-4631,Shawna Moreno,"424 Elizabeth Court
North Kevin, KS 11570",1
523-78-0536,Carl Hall,"33791 Michele Pass Suite 279
Johnville, ME 64212",0
517-86-0967,Claudia Bryan,"0808 Amanda Lakes
Port Davidhaven, CT 29398",0
720-91-2697,Daniel Ortiz,"379 Evans Estate
Kennethfurt, MN 31770",0
886-32-3261,Mark Taylor,"Unit 3205 Box 5904
DPO AE 64364",1
139-83-0744,Kristina Clark,"82278 Jennifer Rapid Apt. 620
Lake Ashley, IL 63089",1
004-52-8632,Debbie Williams,"72295 Murphy Circle Apt. 390
South Kendraborough, DE 44729",1
241-43-7834,Kimberly Hall,"0730 Jeremy Rest Apt. 179
Myerstown, AR 10697",1
829-13-8111,Andrea Long,"851 Wise Brooks Suite 006
Adamshire, MI 24857",0
251-99-3039,Linda Martin,"2342 Donna Dam Apt. 477
Debraberg, ID 46457",0
720-32-0712,Deanna Lopez,"5916 Morris Junctions Suite 553
Ebonyfort, MH 94809",0
893-26-0775,Sean Kelly,"6302 Thompson Vista Suite 494
Lake Sarastad, CT 74416",1
376-88-5631,Michelle Murphy,"USNS Griffith
FPO AP 31639",1
260-03-8402,Michael Burgess,"65865 Beck Lodge Suite 381
Meganmouth, GU 60716",1
887-19-8830,Ryan Scott Jr.,"8025 Garcia Gardens
Beckview, AR 01257",0
617-45-8832,Melanie Camacho,"PSC 8909, Box 6377
APO AA 17113",1
395-04-3567,Peter Brown,"52611 Curtis Tunnel Apt. 385
New Johnview, WI 94140",1
201-65-3159,Ronald Clark,"19509 Beck Fords Apt. 879
Chelseabury, MO 97888",0
143-77-6016,Katie Martin,"7964 Joanna Alley Suite 401
Port Maxwellside, VI 63805",1
871-56-9365,Stephanie Deleon,"6458 Wilcox Isle
North Jessica, CO 35941",0
360-52-1705,Lauren Larsen,"2901 Thomas Island Apt. 472
Garrettside, NC 72324",0
466-24-7941,Kara Grant,"PSC 9803, Box 2156
APO AA 52546",0
638-68-6608,Timothy Thomas,"271 Morrow Views
New Danielle, MO 42493",1
141-75-8535,Jill Rodriguez,"7956 Rodriguez Crossroad Suite 772
Lake Gerald, DE 83162",1
853-91-5705,Ronald Black,"38672 Tonya Pines Suite 481
South Joshuaton, PW 94556",1
258-62-0694,Sandra Kennedy,"768 Howell Wells Apt. 133
West Darlene, SD 41942",1
672-69-2866,Crystal Palmer,"24670 Elizabeth Spurs Suite 914
South Tracey, UT 55543",1
679-63-7689,Samuel Case,"9296 Cook Islands Suite 271
Patricktown, UT 68893",0
785-57-3625,Matthew Smith,"PSC 9009, Box 3855
APO AA 11539",1
528-99-9531,Alison Taylor,"94259 Brittney Mews Suite 666
Lowehaven, AL 58417",1
267-87-1863,John Cook,"89026 Reed Bypass Apt. 925
Port Tamara, NH 38610",0
631-62-5124,Marissa Cox,"764 Lee Landing
New Pamela, DE 27483",1
812-50-5046,Jason Drake,"Unit 9729 Box 6438
DPO AP 35577",1
353-82-9949,Kyle Haynes,"163 Hayley Fords Suite 583
South Karen, MP 97729",1
489-32-1796,Nicholas Mejia,"986 Nicholas Well
West Taylorport, MH 51653",1
627-56-8557,Jason Manning,"9799 Hays Spur Suite 592
Kylemouth, FL 68367",0
210-40-1395,David Martin,"USCGC Pennington
FPO AE 72924",0
615-24-6871,Debra Huang,"551 Christopher Light
South Jenniferport, IA 17042",1
872-72-1625,Justin Norris,"260 King Corner Apt. 744
Billyton, RI 06051",1
202-78-0029,Dakota Dixon,"511 Leslie Road Apt. 283
Warrenland, NE 74541",1
526-30-8341,Stephanie Robertson,"615 Gardner Centers
West Ianville, IA 47540",0
532-05-5435,Cynthia Walker,"15766 Peterson Roads
Port Davidland, ND 45241",0
140-53-5606,Thomas Russell,"3599 Erica Forges Apt. 319
South Tracey, IA 88890",1
309-79-1766,Riley Brown,"723 Thomas Route
East Fredtown, IL 09310",0
158-69-0076,Richard Blanchard,"907 Nelson Brooks Suite 273
East Stevenmouth, WY 51151",1
868-16-6523,Thomas Luna,"68481 Roberson Street Apt. 508
Phillipsfurt, OK 58386",0
650-64-5829,Karen Wagner,"34466 Campbell Burg Apt. 297
New Terri, MP 87503",0
507-64-0897,Kristen Harrell,"391 Edward Port
Kristenberg, SC 86364",0
220-34-9361,Douglas Mcdaniel,"30824 Walker Union Apt. 089
South Josephborough, AK 47278",0
388-54-7214,Jessica Stein,"8459 Smith Villages Apt. 516
Nicolefort, WY 63390",1
721-47-9101,Brooke Foster,"34479 Perez Circle
Port Jeremy, MI 44354",0
854-85-9323,Mrs. Madeline King,"USCGC Williams
FPO AA 08516",1
390-10-7598,Christine Lambert,"Unit 2787 Box 6802
DPO AE 29442",0
503-97-1204,Amber Medina,"USNV Alvarado
FPO AA 06435",0
222-61-8982,Curtis Newton,"72350 Mary Rue
Stewartside, MS 06584",0
045-67-0259,Krista Allen,"37020 Shawn Freeway
Davismouth, TX 70305",1
441-83-9383,Kelly Wright,"6244 Smith Via Apt. 370
Port Randyland, NM 01808",1
732-47-7391,Amber Elliott,"844 Stephanie Walk
South Tammyhaven, PW 08794",1
791-45-4346,Jessica West,"1288 Cochran Ville Apt. 526
Austinmouth, TX 98141",0
013-04-0213,Dale Clark,"8846 Heather Park
South Carolyn, MI 23586",0
601-62-5464,Derek Fox,"697 Harris Land
Calhounstad, VI 72103",1
442-67-4836,Theresa Campbell,"46863 Nicholas Well
Lake Emilyfort, FM 32820",1
372-69-5419,Lisa Fletcher,"4491 Michelle Course Apt. 389
Jerryfort, WY 54543",1
786-16-5791,Rita Davis,"67625 Boyle Place
West Mark, OR 86185",0
245-22-6308,Elizabeth Garcia,"45396 Davis Road Suite 031
Virginiaville, OK 33546",0
444-07-4140,Ashley Love,"27186 William Path Apt. 732
Michelleburgh, PA 01048",1
714-92-4909,Ryan Williams,"37706 Molly Forest Suite 311
South Peggyborough, ME 02447",0
119-47-8653,Scott Myers,"17539 Heather Spur
Lisaland, MH 86330",0
704-54-5255,Marisa Edwards,"336 Schaefer Ranch
Lake Johnport, VT 98117",0
446-37-6716,Mark Long,"1019 Justin Brook
Hardingside, WV 19265",0
500-13-1490,Tracy Harris,"13375 Padilla Keys
South Paulshire, NJ 55054",0
335-20-0119,Daniel Sanders,"USCGC Miranda
FPO AP 85364",0
576-70-0732,Frederick Wiley,"35655 James Radial
Port Nicholas, MS 77989",1
575-81-9771,Dr. Elizabeth Mcbride,"8596 Benton Keys Apt. 355
Port Olivia, MD 68083",0
853-89-1544,David Soto,"74418 Brooke Radial Apt. 183
East Annamouth, UT 13101",0
078-18-9449,Sandra Bailey,"438 Kenneth Keys Apt. 675
Sherriberg, KS 30706",0
312-39-2301,Christian Miller,"PSC 7591, Box 3420
APO AA 02504",1
028-11-5035,Evan Barron,"675 Duncan Cove
Bensonchester, PR 15250",1
448-14-5004,Christopher Morrison,"28133 Evans Hill
Vasquezhaven, PA 05928",1
351-36-4818,Justin Matthews,"31348 Rebecca Mall Apt. 983
West Elizabethshire, MS 87638",1
728-49-2007,Adrian Moody,"34532 Denise Forest Suite 225
Glendaberg, KS 83414",1
079-81-7174,Dana Frederick,"516 Bradley Circles
Bellland, HI 09488",1
032-56-2027,Frank Sutton,"PSC 4818, Box 2562
APO AP 19550",0
044-44-5006,Danielle Mitchell,"190 Jackson Ports Suite 027
Ramosmouth, WY 42326",0
745-98-8562,Meghan Webb,"311 Pitts Lights Suite 635
Williamshaven, DC 40583",0
302-74-0156,Amy Jackson,"463 Martin Unions Suite 204
Port Joshua, PR 95985",0
803-66-9611,Jennifer Santiago,"6610 Kyle Forks Apt. 262
South Pamela, VA 82149",0
868-68-0660,Alicia Johnson,"4963 Christopher Hills Apt. 880
Jaclynhaven, CA 70242",0
331-30-8837,John Spencer,"USCGC Elliott
FPO AA 31658",0
799-75-1767,Kimberly Wheeler,"9673 Marcus Mews
Port Troy, FM 12369",0
586-14-4548,Jennifer Mann,"268 Heather Landing
Lake Douglasmouth, MO 13750",0
393-39-0985,Charles Lane,"80566 John Landing Apt. 781
South Aimeefort, SD 03166",0
165-68-2922,Christine Porter,"2371 Paul Coves
Port Ricky, NM 39778",1
667-39-8647,Nathan Coleman,"25104 Leslie Valley Apt. 386
West Adrianland, WI 78684",1
436-77-1109,Justin Williams,"31699 Nicole Island
Sandovalfort, ND 40169",1
383-61-0910,Sheila Smith,"438 Victoria Field
South Monica, FM 15840",1
008-66-2137,Robert Lopez,"7331 Anderson Track
South Joshuaport, NC 73985",0
858-35-9005,Megan Ruiz,"1917 David Lakes Apt. 646
West Rachel, ME 77205",1
858-08-8555,Chris Lee,"349 Hickman Stream
Adkinsview, CO 42740",0
060-22-2890,Timothy Smith,"560 Graves Village Suite 952
Rodriguezside, GU 59171",0
136-94-7313,Justin Trevino,"65076 Catherine Village Suite 313
Lake Brianna, AZ 82779",1
784-94-8059,Nancy Rivera,"05469 Paul Ports
New Coreyview, PW 77491",1
018-51-4798,Jade White,"865 Cook Court
South Nancy, ID 13406",1
459-90-2695,Marcus Kelly,"21857 Ashley Islands Apt. 051
South Timothyfurt, OK 46192",0
283-78-9406,Amanda Reid,"870 Pamela Club
Lake Michael, NM 73181",1
097-52-2619,Rachael Hayden,"57217 Steven Villages Apt. 079
North Ashleymouth, GA 96090",0
582-05-2046,James Martinez,"31270 Butler Dale
Lake Sarafurt, DE 16790",1
519-69-3770,Linda Wilson,"95351 Anderson Fork
Lake Alicefort, CT 76455",1
135-85-9636,John Romero,"PSC 5202, Box 4553
APO AA 77064",1
424-37-5214,Monica Velazquez,"430 Tate Stravenue
Smithstad, VA 32866",0
891-78-9173,Cory Waters,"USNS Dalton
FPO AE 37587",1
173-72-2204,Sharon Gutierrez,"116 Parker Parks
Hintonchester, MI 53302",1
483-51-4077,Douglas Mills,"PSC 4571, Box 9920
APO AP 93060",1
108-51-4088,David Garcia,"03480 Lori Pass Suite 233
West Kimberly, CO 29590",1
475-09-0379,Carlos Gomez PhD,"572 Suzanne Flat Suite 314
New Kevinmouth, TX 50942",1
724-25-6234,Robert Brown,"2290 Courtney Rue Apt. 403
South Tammy, SC 75718",0
428-88-5454,Kaitlyn Morse,"790 Tanya Mountains Suite 436
Georgeville, NH 83465",1
018-38-2687,Teresa Whitaker,"2316 James Oval
Rebeccaville, AK 92617",1
830-50-0432,Sarah King,"51503 Campos Rest
New Chaseport, AZ 51399",0
029-74-8369,Robert Reed,"USNS Sandoval
FPO AA 23353",1
037-09-3087,Kristin Riley,"1446 Courtney Points Suite 591
East Samanthaport, WY 29369",1
453-76-3154,Colin Harris,"834 Howell Union Apt. 730
Charlesfort, VI 53627",0
188-60-0518,Michael Walker,"603 Velazquez Valley
New Kimberly, UT 67509",0
720-92-6295,Robyn Fox,"PSC 1073, Box 1387
APO AE 39604",1
682-15-9597,Victoria Wade,"504 Robin Radial
New Larryfurt, NC 61505",0
588-79-9483,Brian Kennedy,"USNS Norton
FPO AE 13302",0
860-66-6198,Cheryl Armstrong,"PSC 7546, Box 7168
APO AP 33982",0
763-25-3124,Brittany Diaz,"4407 Bell Ranch Apt. 502
North Michael, GA 96430",0
197-11-6379,Debbie Reed,"092 Bradley Brooks Apt. 837
Samanthastad, NE 72903",0
878-45-5351,Patricia Jones,"35472 Norma Summit
East Paulfurt, AZ 60516",1
679-75-4904,Christopher Heath,"845 Mills Viaduct
Greenmouth, SD 74553",1
018-53-0569,Jesse Perry,"13624 Stevenson Field
Kylebury, NY 47951",0
667-31-0749,Elizabeth George,"5102 Trujillo Shores Apt. 346
Johnsonchester, AL 96488",0
382-12-7518,Cheryl Ford,"1759 Molina Wall Apt. 939
East Matthewtown, IN 62668",1
423-56-5514,Brandy Hodges,"Unit 8943 Box 5541
DPO AA 70608",0
089-65-6658,Christopher Young,"0816 Austin Turnpike Suite 116
New Gabrieltown, TN 63909",1
631-29-3014,Jennifer Harper,"1241 Shannon Stravenue Suite 795
Port Johnny, NJ 01559",1
838-56-1672,Marisa Perez,"558 Waters Rue Suite 308
Christopherburgh, NV 41802",1
140-80-8768,Nathan Estrada,"16470 Wagner Canyon Suite 949
New Devinview, TN 19299",0
745-37-7348,Jon Smith,"03603 Dawson Club
West Tiffany, NY 80092",1
558-27-6645,Brenda Fitzgerald,"693 Knight Courts
Byrdfort, MI 80993",1
421-08-0717,Bryan Williams,"03421 Michael Via Apt. 091
Joview, NE 75335",1
895-62-5142,Brian Gilbert,"94224 James Forest
South Holly, WI 34887",1
305-72-3590,Casey Gonzalez,"61805 Sanford Crossing Apt. 872
New Ryan, VA 36093",1
574-91-0998,Erin Larson,"673 Solis Shoal Suite 966
East Randy, IA 26198",0
316-02-0987,Juan Garcia,"493 Melanie Corners
Shelleyside, PR 02802",1
791-10-0971,James Klein,"28499 Jonathan Burgs Suite 701
New Dawnmouth, CT 66201",0
384-64-6398,Dillon James,"USS Simpson
FPO AP 52027",1
274-84-4908,Diana Dawson,"057 Robinson Mission
Lake Carolyn, ND 19482",0
167-45-5532,John Strickland,"2706 Jason Rapids
Port Ralphside, OR 03751",0
174-66-7921,Joshua Castillo,"39502 Harper Stravenue
Luishaven, VT 86699",1
367-44-4451,Jessica Grant,"55613 Danielle Plaza Suite 485
Port Benjamin, IN 93251",1
778-37-5516,Zachary Taylor,"18214 Mack Fords
West Kristytown, OR 21977",1
158-02-2094,Charlotte Lopez,"255 Hunt Ramp
Port Dawn, OK 42058",1
530-38-2373,Jesus Mata,"Unit 4257 Box 4307
DPO AA 96670",1
838-81-0144,Jonathan Davis,"Unit 5324 Box 1529
DPO AP 78202",0
086-13-1222,Traci Castro,"USNS Ross
FPO AE 72360",0
370-86-1732,Robert Acosta,"637 Chad Streets Apt. 079
Feliciaville, TN 37772",1
118-87-1235,Collin Patel,"33739 Monica Forge Apt. 323
East Ericville, TN 96998",1
549-40-7540,Charles White,"Unit 4948 Box 4322
DPO AE 08102",1
463-22-8081,Maria Martinez,"43287 Steven Ports
Frazierton, MO 47251",1
029-36-3643,Michael Gaines,"19649 Reid Ville Suite 679
Lake Jeremy, PR 07807",0
100-89-9856,Christopher Choi,"62083 Christian Lodge Apt. 254
Ryanport, HI 69923",0
846-73-9951,Michael Thompson,"0963 Nguyen Ranch Suite 293
North Crystalside, RI 71055",0
729-55-0941,Nathan Johnson,"663 Joseph Land Apt. 645
Charlesburgh, VA 10178",0
664-47-9903,Tiffany Gray,"Unit 3262 Box 3173
DPO AE 51704",1
187-01-6191,Lisa Johnson,"USCGC Chandler
FPO AP 76050",1
833-89-7612,Cody Koch,"359 Hunt Cliffs Apt. 981
Bowmanhaven, NC 30317",1
060-09-7253,Victor Li,"220 Kimberly Estate Suite 059
Pattonburgh, AZ 21809",1
443-09-5419,Kim Wells,"Unit 5822 Box 0723
DPO AE 91529",0
766-41-3231,Mr. Travis Mason DDS,"3280 Davis Meadows
Wyattborough, AS 03279",1
519-99-4283,Eric Sanders,"23325 Hall Lodge Suite 553
Kellyburgh, AK 08919",1
403-58-3631,Keith Hernandez,"3370 Douglas Junctions
Port Nathanville, KY 95129",0
653-01-0140,Pedro Clark,"16132 Richmond Roads Apt. 094
New Devinview, VA 21795",1
038-10-6233,Daniel Ballard,"643 Ashley Ports
Craigchester, MD 27760",1
550-49-5397,Ryan Smith,"03430 Rodriguez Spur
South Christine, IA 40294",0
576-48-8125,Vickie Powers,"019 Carpenter Mews
South Robert, ME 81798",1
271-03-4321,Holly White,"8627 Phillips Field Suite 260
South Ericside, IA 59465",1
484-95-9899,Michael Chang,"548 Martin Isle
Lake Christopher, AK 85310",1
100-81-6043,Amanda Powell MD,"8616 Lopez Club
Nguyenchester, FL 42027",1
232-50-8283,Brandon Whitaker,"666 Hamilton Mission Suite 429
Port Destiny, HI 10318",0
392-24-7751,Christine Torres,"02311 Reed Extensions
South Ashleychester, MO 49713",1
131-77-8471,Ashley Perez,"2687 Danny Place
Samuelchester, RI 40184",0
714-18-4825,Yolanda Johnson,"843 Jennifer Mountain
New Brittanystad, AZ 69092",1
735-74-2595,Cynthia Maddox,"39841 Brooke Ferry Suite 514
Heidiland, ND 43119",0
031-76-8739,John Davis,"Unit 7700 Box 2621
DPO AE 31848",1
406-97-6758,Sabrina Schmidt,"70936 White Meadow Suite 077
Lake Anthonyshire, MI 98751",1
717-21-5441,Ryan Richardson,"2065 Jessica Shore Suite 872
East Lindsayville, AS 46533",1
607-29-0200,Brian Padilla,"86459 Keith Stream Apt. 259
Robertchester, DE 73371",1
669-88-1185,Elizabeth Lamb,"626 Keith Crossing
Catherineton, WI 53548",0
439-15-3762,Bradley Thomas,"747 Chavez Bridge Apt. 749
Ryanland, TX 48283",1
247-81-3677,Jeffrey Wheeler,"253 Wilkinson Islands Suite 544
Foxfort, RI 90841",0
780-44-6875,Shannon Glover,"43398 Megan Court
Blackchester, PA 48636",0
364-48-7773,Troy Richardson,"538 Shelby Lock
South Emily, ME 20537",1
141-25-2452,Chloe Howell,"47643 Douglas Shoals
West Nicholasview, GU 09035",0
013-41-1830,Melissa Clark,"49826 Krystal Forest Apt. 702
Matthewchester, MA 90442",0
707-83-7469,Marilyn Cook,"983 Patrick Curve
Johnsonshire, MO 33599",0
474-31-0822,Jeremy Hughes,"3211 Michael Stream
North Annport, FL 62639",1
247-27-3721,Michael Joseph,"USNV Tate
FPO AP 66542",1
509-15-1990,David Collins,"3797 Donovan Valley Apt. 589
Melissaville, IN 02952",1
258-24-9379,Craig Giles,"PSC 1780, Box 0180
APO AE 17882",0
602-04-5845,Carolyn Wilson,"885 Nicole Trail
West Tracyton, WV 05693",1
436-70-5897,Tiffany Reid,"2811 Crane Brooks
East Meredith, VT 41279",0
227-61-9558,Diane Montoya,"730 Diane Course
Wagnershire, NH 49475",0
325-27-0680,Alicia Rivera,"755 Edward Ramp
New Matthew, PR 49920",1
796-45-7008,Madison Christian,"00698 Wolfe Shoal Apt. 334
Lake David, RI 01973",1
485-60-4333,Deborah Kim,"4196 Bailey Plain
Annchester, OK 33116",0
069-61-1374,Emily Martin,"USNV Craig
FPO AP 41378",0
790-78-3125,James Young,"91127 Wolfe Views
South David, PW 82412",1
743-90-4985,William Webb,"91614 Amy Lodge
East Kayla, CT 83641",0
473-75-3379,Christine Schultz,"615 Lisa Burg Apt. 210
Dyerchester, PW 99452",1
567-41-9559,Curtis Lynch,"561 Cox Estate Apt. 049
Davidside, IA 13623",0
727-60-7706,Cynthia Smith,"3561 Gary Point Suite 916
Johnsontown, HI 70216",1
120-86-8197,Laura Wallace,"96549 Poole Mountain
South Ryan, TN 35044",0
748-90-6265,Lisa Lee,"2033 Mccall Forest
Browntown, PR 54868",0
415-61-2709,Jessica Rowland,"11084 Brian Cape
Sandratown, LA 88768",0
876-24-5098,Rebecca Elliott,"72706 Rodriguez Isle Apt. 748
East Danielmouth, AS 25702",0
818-91-2100,Tony Bishop,"0768 Johnson Glens Apt. 598
Port Alejandra, MS 23480",1
620-57-5599,Lori Payne,"595 Hernandez Road Apt. 906
South Annehaven, PW 57698",1
393-38-6488,Frank Mcdonald,"07869 Mckinney Brooks Suite 186
Adammouth, MA 10999",1
520-72-0128,Blake Hart,"57800 Lori Valley
Gutierrezhaven, SC 97256",0
807-27-5019,Christopher Kelly,"PSC 3651, Box 3090
APO AP 59454",1
235-13-5495,Brenda King,"13767 Williams Walks Apt. 791
Kayleeberg, WV 24045",1
176-89-5653,Robert Ball,"64630 Mary Track
North Barbaramouth, VI 78893",1
193-42-0185,Charles Silva,"0494 Brandy Corner
Jenkinsfort, PR 48714",1
606-93-4558,Leah Berry,"USS Moore
FPO AA 87568",1
542-31-6969,Jason Humphrey,"758 Jackson Bridge
Lake Maryfurt, MT 43445",0
760-34-7232,Kenneth Peterson,"095 Romero Ranch Apt. 528
Davisfurt, NM 25114",0
408-64-6717,Patricia Hill,"PSC 2961, Box 9693
APO AE 52307",0
376-64-9806,John Bell,"94064 Weaver Trace
Christopherhaven, MP 05581",1
520-50-1508,Nicholas Mills,"086 Warren Road Suite 303
West Justinfurt, NH 44152",0
424-49-1857,Jordan Harrison,"94683 Brown Turnpike
Leachside, AL 51762",1
464-30-0173,Kimberly Howell,"374 Sanchez Court
Port William, OH 30459",1
753-48-3532,Judith Diaz,"48446 Timothy Valley
Morrisonchester, PR 48510",0
579-73-8425,Raymond Pham,"0481 Jeremy Curve
Harrismouth, KS 46003",0
792-18-7978,Dwayne Hernandez,"820 Myers Brook Apt. 556
Muellerview, IN 92731",0
760-63-5281,Laura White,"420 Kerri Ports
Port Sandra, OR 64433",0
118-81-4723,Ryan Taylor,"90360 Shaffer Prairie
Castillostad, MH 90856",0
491-61-9007,Robert Garcia,"009 Steven Neck
Thomasmouth, OK 43302",1
017-54-6468,Chad Glover,"8943 Howard Square
Perryside, MH 72288",0
102-88-8836,Arthur Gonzalez,"69379 Betty Brook
Rickystad, MH 41429",0
004-30-4258,Daniel Mullins,"75088 Brian Street
Kristinfurt, PR 58051",1
812-49-8905,Christopher Sellers,"3845 Carroll Passage Apt. 074
West Jason, MD 97907",1
579-62-0679,Michelle Henry,"9588 Christopher Dale Suite 974
North Henrymouth, HI 28915",1
845-71-4199,Cheryl Davis,"0852 Gabrielle Run Suite 336
East Erikview, DE 02775",0
565-36-6183,Adam Lopez,"760 Jennifer Knolls Apt. 293
North Cynthiamouth, MN 06213",1
384-84-2596,Mark Sweeney,"487 Tyler Pine Suite 846
New Keith, WI 79004",1
081-50-4952,Trevor Williams,"042 Christine Pass
Port Stephen, PW 08087",0
821-47-4993,Troy Palmer,"USCGC Montgomery
FPO AA 10222",0
656-31-9280,Angela Williams,"5864 Garcia Points
Lake Sarabury, SD 65736",1
007-54-9927,Victor Hill,"52835 Johnson Pike
Lake Vicki, PR 88352",1
629-64-1847,Diamond Garrett,"930 Fischer Isle Suite 727
East Matthewhaven, MA 49373",1
735-76-6909,Michele Gardner,"53724 Duane Islands Apt. 480
South Charleston, MI 84184",1
558-05-6761,Kelly Johnson,"803 Donovan Summit
Lake Alicia, WA 85418",0
392-05-7355,Keith Greene,"USS Jackson
FPO AA 22742",1
537-25-4026,Brianna Cooper,"56119 Richardson Plaza
Coryton, WI 60307",0
859-48-4852,Kathryn Houston,"81921 Henry Gateway Suite 440
Brownmouth, NH 04525",0
092-18-8200,Jason Campbell,"5424 Erica Squares
Jillianburgh, IN 85363",0
502-04-7371,William Barton,"26113 Baker Springs Suite 726
Port Kelly, PW 83870",0
516-26-0436,Julie Clark,"58383 Mcdonald Park
East Nathanielstad, MS 57995",1
248-67-2460,Sheila Livingston,"8834 Richardson Valleys Apt. 592
West Jameston, MT 69237",0
359-93-9914,Joseph Adams,"61833 Farley Street Suite 325
East Mathew, MS 93687",0
566-45-5718,Jennifer Alexander,"2900 Green Crossing Apt. 977
East Christina, UT 75098",0
680-25-4655,Melissa Williams,"PSC 8876, Box 3159
APO AA 33162",0
618-25-9022,Angela Garcia,"767 Chad Villages Suite 728
New Carmen, MA 88644",0
293-71-6360,Emily Gill,"76916 Lisa Terrace Apt. 332
Port Erin, SC 73348",0
777-59-8425,Randy Wheeler,"3869 James Land Suite 986
East Brandonmouth, ME 45977",0
641-20-7084,Joshua White,"USS Owens
FPO AE 90169",0
318-98-4898,Roger Ross,"434 Blanchard Brook Suite 896
South Eugeneside, NY 19017",0
448-53-0110,Megan Smith,"513 Grimes Glens Apt. 293
Port Megan, LA 84098",1
687-64-6726,Anthony Wood,"90240 April Avenue
Lake Bryantown, NM 79235",1
179-18-4849,Todd Fritz,"59105 Scott Neck Apt. 284
Paulland, NH 46602",0
297-18-4946,Bradley Davenport,"29604 Robert Fords
Vangview, SC 27665",1
169-60-3977,Jason Williams,"53549 Beard Way Suite 218
Smithport, NY 13116",1
677-09-8905,Cynthia Rivera,"990 Gibson Creek Apt. 703
New Tiffany, VA 64380",1
379-11-4551,Veronica Wells,"888 Burgess Divide
Kathrynhaven, MD 74600",0
567-50-1960,Wendy Gomez,"809 Gregory Manor Apt. 896
Lake Richard, KY 30294",0
150-86-3445,Catherine Byrd,"040 Michael Fields
Holmesville, FM 46716",0
290-26-3873,Phillip Kelly,"Unit 7442 Box 0908
DPO AP 08888",1
